<?xml version="1.0"?><h:html xmlns="http://www.w3.org/2002/xforms" xmlns:ev="http://www.w3.org/2001/xml-events" xmlns:h="http://www.w3.org/1999/xhtml" xmlns:jr="http://openrosa.org/javarosa" xmlns:odk="http://www.opendatakit.org/xforms" xmlns:orx="http://openrosa.org/xforms" xmlns:xsd="http://www.w3.org/2001/XMLSchema"><h:head><h:title>Cold GPS</h:title><model odk:xforms-version="1.0.0"><instance><data id="cold_gps_example"><imei/><start_time/><start_location/><end_time/><survey_day/><deviceid/><phone_number/><hhm_num/><lname/><fname/><mname/><location/><meta><instanceID/><instanceName/></meta></data></instance><bind jr:preload="property" jr:preloadParams="deviceid" nodeset="/data/imei" type="string"/><bind jr:preload="timestamp" jr:preloadParams="start" nodeset="/data/start_time" type="dateTime"/><bind nodeset="/data/start_location" type="geopoint"/><bind jr:preload="timestamp" jr:preloadParams="end" nodeset="/data/end_time" type="dateTime"/><bind jr:preload="date" jr:preloadParams="today" nodeset="/data/survey_day" type="date"/><bind jr:preload="property" jr:preloadParams="deviceid" nodeset="/data/deviceid" type="string"/><bind jr:preload="property" jr:preloadParams="phonenumber" nodeset="/data/phone_number" type="string"/><bind constraint=".&gt;=1" nodeset="/data/hhm_num" required="true()" type="int"/><bind nodeset="/data/lname" required="true()" type="string"/><bind nodeset="/data/fname" required="true()" type="string"/><bind nodeset="/data/mname" type="string"/><bind nodeset="/data/location" type="geopoint"/><bind jr:preload="uid" nodeset="/data/meta/instanceID" readonly="true()" type="string"/><bind calculate="concat( /data/lname , '-',  /data/fname , '-', uuid())" nodeset="/data/meta/instanceName" type="string"/><odk:setgeopoint event="odk-instance-first-load" ref="/data/start_location"/></model></h:head><h:body><input ref="/data/hhm_num"><label>How many household members are there?</label></input><input ref="/data/lname"><label>What is the last name?</label></input><input ref="/data/fname"><label>What is the first name?</label></input><input ref="/data/mname"><label>What is the middle name?</label></input><input ref="/data/location"><label>Location</label></input></h:body></h:html>